{
  "faithfulness": 0.48,
  "answer_relevancy": 0.6821003459144295,
  "context_precision": 0.3858333333002917,
  "context_recall": 0.7
}